task_id,dataset_id,dataset_name,target_column,model,n_samples,n_features,n_classes,accuracy,balanced_accuracy,f1_score,precision,recall,training_time,status,error,data_source,metrics_complete,numeric_features,categorical_features,missing_percentage
3,3,kr-vs-kp,class,DecisionTree,3196.0,36.0,2.0,0.996875,0.997005988023952,0.9968753973843552,0.9968952922077922,0.996875,0.0281403064727783,success,,openml,True,0,36,0.0
3,3,kr-vs-kp,class,KNN,3196.0,36.0,2.0,0.9390625,0.9381922429650502,0.9389984384151108,0.9394922930483912,0.9390625,0.1827223300933838,success,,openml,True,0,36,0.0
3,3,kr-vs-kp,class,LogisticRegression,3196.0,36.0,2.0,0.971875,0.971958044694924,0.9718785764591952,0.9719011598341416,0.971875,0.0453162193298339,success,,openml,True,0,36,0.0
3,3,kr-vs-kp,class,RandomForest,3196.0,36.0,2.0,0.9890625,0.98897303432351,0.9890617240232018,0.9890657878639588,0.9890625,0.4879164695739746,success,,openml,True,0,36,0.0
3,3,kr-vs-kp,class,SVM,3196.0,36.0,2.0,0.984375,0.9843450354193574,0.984375,0.984375,0.984375,0.8013944625854492,success,,openml,True,0,36,0.0
146800,40966,MiceProtein,class,DecisionTree,1080.0,77.0,8.0,0.8240740740740741,0.8220899470899472,0.8231249204018446,0.8297979873387482,0.8240740740740741,0.0752418041229248,success,,openml,True,77,0,1.6786916786916788
146800,40966,MiceProtein,class,KNN,1080.0,77.0,8.0,0.9583333333333334,0.9601851851851853,0.9586634670743648,0.9618654214559388,0.9583333333333334,1.8702094554901123,success,,openml,True,77,0,1.6786916786916788
146800,40966,MiceProtein,class,LogisticRegression,1080.0,77.0,8.0,0.9861111111111112,0.9861111111111112,0.98601149554985,0.9865911418330772,0.9861111111111112,0.0613524913787841,success,,openml,True,77,0,1.6786916786916788
146800,40966,MiceProtein,class,RandomForest,1080.0,77.0,8.0,0.9907407407407408,0.9907407407407408,0.9907350127733672,0.9908900836320192,0.9907407407407408,0.54984450340271,success,,openml,True,77,0,1.6786916786916788
146800,40966,MiceProtein,class,SVM,1080.0,77.0,8.0,0.9953703703703703,0.9958333333333332,0.9953732237630544,0.9955357142857144,0.9953703703703703,0.2897882461547851,success,,openml,True,77,0,1.6786916786916788
146800,40966,MiceProtein,class,XGBoost,1080.0,77.0,8.0,0.9907407407407408,0.9907407407407408,0.990733424564232,0.991055427547363,0.9907407407407408,4.136234998703003,success,,openml,True,77,0,1.6786916786916788
146817,40982,steel-plates-fault,target,DecisionTree,1941.0,27.0,7.0,0.7455012853470437,0.7642391593832697,0.7452432507006058,0.7491648732396176,0.7455012853470437,0.0571746826171875,success,,openml,True,27,0,0.0
146817,40982,steel-plates-fault,target,KNN,1941.0,27.0,7.0,0.7275064267352185,0.7482091680713233,0.7244835113978932,0.7317968164311986,0.7275064267352185,0.0409047603607177,success,,openml,True,27,0,0.0
146817,40982,steel-plates-fault,target,LogisticRegression,1941.0,27.0,7.0,0.7275064267352185,0.7305280431533564,0.7276535791762936,0.732903122830645,0.7275064267352185,0.1274909973144531,success,,openml,True,27,0,0.0
146817,40982,steel-plates-fault,target,RandomForest,1941.0,27.0,7.0,0.8046272493573264,0.7877851379104512,0.8045673969726881,0.8118437448313433,0.8046272493573264,0.6014611721038818,success,,openml,True,27,0,0.0
146817,40982,steel-plates-fault,target,SVM,1941.0,27.0,7.0,0.7506426735218509,0.7389512557432356,0.7517110687963787,0.7577566877822138,0.7506426735218509,0.508115291595459,success,,openml,True,27,0,0.0
146817,40982,steel-plates-fault,target,XGBoost,1941.0,27.0,7.0,0.8097686375321337,0.8028894049884023,0.8118698789463588,0.817407029380335,0.8097686375321337,1.354717254638672,success,,openml,True,27,0,0.0
146820,40983,wilt,class,DecisionTree,4839.0,5.0,2.0,0.975206611570248,0.868995633187773,0.9749770578851692,0.9747813248348006,0.975206611570248,0.0275967121124267,success,,openml,True,5,0,0.0
146820,40983,wilt,class,KNN,4839.0,5.0,2.0,0.9648760330578512,0.7002855223379241,0.9586702025658654,0.9622102185179996,0.9648760330578512,0.0367469787597656,success,,openml,True,5,0,0.0
146820,40983,wilt,class,LogisticRegression,4839.0,5.0,2.0,0.9617768595041324,0.6714393684917702,0.9539790004532728,0.9583516704088844,0.9617768595041324,0.0300617218017578,success,,openml,True,5,0,0.0
146820,40983,wilt,class,RandomForest,4839.0,5.0,2.0,0.9824380165289256,0.8637470607994625,0.9814518142120564,0.9817781500450004,0.9824380165289256,0.4932866096496582,success,,openml,True,5,0,0.0
146820,40983,wilt,class,SVM,4839.0,5.0,2.0,0.9793388429752066,0.816761840779308,0.977277142604838,0.9791702017136868,0.9793388429752066,0.3837077617645263,success,,openml,True,5,0,0.0
146820,40983,wilt,class,XGBoost,4839.0,5.0,2.0,0.981404958677686,0.8722707423580787,0.9806705892921308,0.9805820900862224,0.981404958677686,0.2510359287261963,success,,openml,True,5,0,0.0
146819,40994,climate-model-simulation-crashes,outcome,DecisionTree,540.0,18.0,2.0,0.9166666666666666,0.6515151515151515,0.908955223880597,0.9044117647058824,0.9166666666666666,0.0179243087768554,success,,openml,True,18,0,0.0
146819,40994,climate-model-simulation-crashes,outcome,KNN,540.0,18.0,2.0,0.925925925925926,0.5555555555555556,0.8977346278317152,0.9314641744548284,0.925925925925926,0.0289196968078613,success,,openml,True,18,0,0.0
146819,40994,climate-model-simulation-crashes,outcome,LogisticRegression,540.0,18.0,2.0,0.9444444444444444,0.7171717171717171,0.937057991513437,0.9388349514563108,0.9444444444444444,0.0205550193786621,success,,openml,True,18,0,0.0
146819,40994,climate-model-simulation-crashes,outcome,RandomForest,540.0,18.0,2.0,0.925925925925926,0.5555555555555556,0.8977346278317152,0.9314641744548284,0.925925925925926,0.4047753810882568,success,,openml,True,18,0,0.0
146819,40994,climate-model-simulation-crashes,outcome,SVM,540.0,18.0,2.0,0.9351851851851852,0.6111111111111112,0.9156688839615668,0.9394654088050316,0.9351851851851852,0.0367727279663085,success,,openml,True,18,0,0.0
146819,40994,climate-model-simulation-crashes,outcome,XGBoost,540.0,18.0,2.0,0.9537037037037036,0.7222222222222222,0.94537072123279,0.9559294871794872,0.9537037037037036,0.1740772724151611,success,,openml,True,18,0,0.0
3,3,kr-vs-kp,class,XGBoost,3196.0,36.0,2.0,0.99375,0.9938749951078236,0.9937507947687102,0.993771025661086,0.99375,2.128834247589112,success,,openml,True,0,36,0.0
6,6,letter,class,LogisticRegression,20000.0,16.0,26.0,0.7695,0.7679816372392879,0.7686810585131804,0.7699034555082614,0.7695,0.5304787158966064,success,,openml,True,16,0,0.0
6,6,letter,class,DecisionTree,20000.0,16.0,26.0,0.8785,0.8782710891982457,0.8786905941366987,0.8794194991584475,0.8785,0.1156768798828125,success,,openml,True,16,0,0.0
6,6,letter,class,RandomForest,20000.0,16.0,26.0,0.96725,0.9669443029351292,0.9673049590693382,0.967649576461288,0.96725,0.7497239112854004,success,,openml,True,16,0,0.0
6,6,letter,class,KNN,20000.0,16.0,26.0,0.9495,0.9492371358440722,0.9495938074241144,0.950528062917264,0.9495,1.7426109313964844,success,,openml,True,16,0,0.0
6,6,letter,class,SVM,20000.0,16.0,26.0,0.94425,0.9439115864621584,0.9444927942989186,0.945679255926018,0.94425,14.127497673034668,success,,openml,True,16,0,0.0
6,6,letter,class,XGBoost,20000.0,16.0,26.0,0.965,0.9648065176266531,0.9650622548877515,0.965461029764711,0.965,3.968415498733521,success,,openml,True,16,0,0.0
11,11,balance-scale,class,LogisticRegression,625.0,4.0,3.0,0.864,0.6261343012704174,0.828117508160289,0.7955040983606557,0.864,0.0214076042175292,success,,openml,True,4,0,0.0
11,11,balance-scale,class,DecisionTree,625.0,4.0,3.0,0.72,0.5217785843920145,0.7641428571428571,0.8173462282398453,0.72,0.0130233764648437,success,,openml,True,4,0,0.0
11,11,balance-scale,class,RandomForest,625.0,4.0,3.0,0.792,0.5737043758822343,0.8056727272727272,0.820377358490566,0.792,0.3540723323822021,success,,openml,True,4,0,0.0
11,11,balance-scale,class,KNN,625.0,4.0,3.0,0.792,0.573805202661827,0.7991578947368421,0.8065714285714286,0.792,0.0156788825988769,success,,openml,True,4,0,0.0
11,11,balance-scale,class,SVM,625.0,4.0,3.0,0.896,0.6493244605767292,0.8593904523660622,0.8273158705701079,0.896,0.032912254333496,success,,openml,True,4,0,0.0
11,11,balance-scale,class,XGBoost,625.0,4.0,3.0,0.856,0.6199838677152651,0.8452060123784261,0.8347118644067797,0.856,0.2805004119873047,success,,openml,True,4,0,0.0
12,12,mfeat-factors,class,LogisticRegression,2000.0,216.0,10.0,0.97,0.97,0.9699898091780874,0.9705273150042084,0.97,0.2455198764801025,success,,openml,True,216,0,0.0
12,12,mfeat-factors,class,DecisionTree,2000.0,216.0,10.0,0.8875,0.8875,0.8872451381618603,0.8888322652956799,0.8875,0.1841287612915039,success,,openml,True,216,0,0.0
12,12,mfeat-factors,class,RandomForest,2000.0,216.0,10.0,0.9675,0.9675,0.9674451359924962,0.9685435496269302,0.9675,0.4445033073425293,success,,openml,True,216,0,0.0
12,12,mfeat-factors,class,KNN,2000.0,216.0,10.0,0.965,0.965,0.9649616526620746,0.9653564727954972,0.965,0.0516297817230224,success,,openml,True,216,0,0.0
12,12,mfeat-factors,class,SVM,2000.0,216.0,10.0,0.9675,0.9675,0.967488665706737,0.9682109354060572,0.9675,0.4354524612426758,success,,openml,True,216,0,0.0
12,12,mfeat-factors,class,XGBoost,2000.0,216.0,10.0,0.9675,0.9675,0.9675458166838942,0.968489595208406,0.9675,2.2983431816101074,success,,openml,True,216,0,0.0
14,14,mfeat-fourier,class,LogisticRegression,2000.0,76.0,10.0,0.8475,0.8474999999999999,0.8472180748358086,0.8529500828119247,0.8475,0.0927727222442627,success,,openml,True,76,0,0.0
14,14,mfeat-fourier,class,DecisionTree,2000.0,76.0,10.0,0.74,0.74,0.7378284944711675,0.7422184790161104,0.74,0.1198093891143798,success,,openml,True,76,0,0.0
14,14,mfeat-fourier,class,RandomForest,2000.0,76.0,10.0,0.865,0.8649999999999999,0.8633513236554413,0.8632535156499987,0.865,0.4056451320648193,success,,openml,True,76,0,0.0
14,14,mfeat-fourier,class,KNN,2000.0,76.0,10.0,0.855,0.8549999999999999,0.8537898429424614,0.8537001167673317,0.855,0.041940689086914,success,,openml,True,76,0,0.0
14,14,mfeat-fourier,class,SVM,2000.0,76.0,10.0,0.8775,0.8774999999999998,0.8758197148727719,0.8754983593580729,0.8775,0.7456858158111572,success,,openml,True,76,0,0.0
14,14,mfeat-fourier,class,XGBoost,2000.0,76.0,10.0,0.875,0.875,0.8738964738273214,0.8752982100488886,0.875,2.1637673377990723,success,,openml,True,76,0,0.0
15,15,breast-w,Class,LogisticRegression,699.0,9.0,2.0,0.95,0.9420289855072465,0.9498719772403984,0.9498512926103868,0.95,0.0165350437164306,success,,openml,True,9,0,0.25433158480368784
15,15,breast-w,Class,DecisionTree,699.0,9.0,2.0,0.9285714285714286,0.9107789855072465,0.9277785119598256,0.92870670995671,0.9285714285714286,0.0101208686828613,success,,openml,True,9,0,0.25433158480368784
15,15,breast-w,Class,RandomForest,699.0,9.0,2.0,0.95,0.9470108695652174,0.9501211199369052,0.9503476115721016,0.95,0.3282046318054199,success,,openml,True,9,0,0.25433158480368784
15,15,breast-w,Class,KNN,699.0,9.0,2.0,0.9428571428571428,0.9365942028985508,0.9428571428571428,0.9428571428571428,0.9428571428571428,0.0162043571472167,success,,openml,True,9,0,0.25433158480368784
15,15,breast-w,Class,SVM,699.0,9.0,2.0,0.9571428571428572,0.9524456521739132,0.9571428571428572,0.9571428571428572,0.9571428571428572,0.0245382785797119,success,,openml,True,9,0,0.25433158480368784
15,15,breast-w,Class,XGBoost,699.0,9.0,2.0,0.95,0.9470108695652174,0.9501211199369052,0.9503476115721016,0.95,0.1090221405029296,success,,openml,True,9,0,0.25433158480368784
16,16,mfeat-karhunen,class,LogisticRegression,2000.0,64.0,10.0,0.95,0.95,0.9498242692563676,0.9510572949455536,0.95,0.044358491897583,success,,openml,True,64,0,0.0
16,16,mfeat-karhunen,class,DecisionTree,2000.0,64.0,10.0,0.795,0.7949999999999999,0.7961054839943189,0.8031259146598094,0.795,0.0886075496673584,success,,openml,True,64,0,0.0
16,16,mfeat-karhunen,class,RandomForest,2000.0,64.0,10.0,0.95,0.95,0.949750372563118,0.9525201830689636,0.95,0.4660155773162842,success,,openml,True,64,0,0.0
16,16,mfeat-karhunen,class,KNN,2000.0,64.0,10.0,0.9525,0.9525,0.952383815885074,0.9558625653243892,0.9525,0.0394351482391357,success,,openml,True,64,0,0.0
16,16,mfeat-karhunen,class,SVM,2000.0,64.0,10.0,0.9675,0.9675,0.9674369176007436,0.9691446533236096,0.9675,0.5056779384613037,success,,openml,True,64,0,0.0
16,16,mfeat-karhunen,class,XGBoost,2000.0,64.0,10.0,0.9475,0.9475,0.9472008552516484,0.9500219008004034,0.9475,1.7479188442230225,success,,openml,True,64,0,0.0
18,18,mfeat-morphological,class,LogisticRegression,2000.0,6.0,10.0,0.7575,0.7575,0.75369550999207,0.757821724313597,0.7575,0.0539731979370117,success,,openml,True,6,0,0.0
18,18,mfeat-morphological,class,DecisionTree,2000.0,6.0,10.0,0.66,0.6599999999999999,0.6599362605152435,0.661398016534518,0.66,0.0166599750518798,success,,openml,True,6,0,0.0
18,18,mfeat-morphological,class,RandomForest,2000.0,6.0,10.0,0.7175,0.7175,0.7159373614040847,0.716821492873305,0.7175,0.3679864406585693,success,,openml,True,6,0,0.0
18,18,mfeat-morphological,class,KNN,2000.0,6.0,10.0,0.7325,0.7325,0.7299398387631791,0.7315543904756461,0.7325,0.0159869194030761,success,,openml,True,6,0,0.0
18,18,mfeat-morphological,class,SVM,2000.0,6.0,10.0,0.7225,0.7225,0.7112469822867147,0.7232351604021207,0.7225,0.1698133945465088,success,,openml,True,6,0,0.0
18,18,mfeat-morphological,class,XGBoost,2000.0,6.0,10.0,0.705,0.705,0.7035452783837864,0.7038401328274074,0.705,0.8459131717681885,success,,openml,True,6,0,0.0
22,22,mfeat-zernike,class,LogisticRegression,2000.0,47.0,10.0,0.825,0.825,0.8221167981819448,0.8200659320429001,0.825,0.0787255764007568,success,,openml,True,47,0,0.0
22,22,mfeat-zernike,class,DecisionTree,2000.0,47.0,10.0,0.6325,0.6325000000000001,0.6365347417645598,0.6432520514955883,0.6325,0.0906968116760253,success,,openml,True,47,0,0.0
22,22,mfeat-zernike,class,RandomForest,2000.0,47.0,10.0,0.76,0.76,0.7587855094043006,0.7604723085605438,0.76,0.4198994636535644,success,,openml,True,47,0,0.0
22,22,mfeat-zernike,class,KNN,2000.0,47.0,10.0,0.795,0.795,0.7949437390062869,0.7977685314894617,0.795,0.0321962833404541,success,,openml,True,47,0,0.0
22,22,mfeat-zernike,class,SVM,2000.0,47.0,10.0,0.8225,0.8225,0.8187188500071738,0.81721304175718,0.8225,0.4050502777099609,success,,openml,True,47,0,0.0
22,22,mfeat-zernike,class,XGBoost,2000.0,47.0,10.0,0.785,0.785,0.785274385714779,0.7873033848561508,0.785,1.7490813732147217,success,,openml,True,47,0,0.0
23,23,cmc,Contraceptive_method_used,LogisticRegression,1473.0,9.0,3.0,0.5389830508474577,0.5013030087656953,0.5295050512797271,0.5317918430898076,0.5389830508474577,0.0178043842315673,success,,openml,True,2,7,0.0
23,23,cmc,Contraceptive_method_used,DecisionTree,1473.0,9.0,3.0,0.4711864406779661,0.4455825447923779,0.4701821941582659,0.4693657754785004,0.4711864406779661,0.0135889053344726,success,,openml,True,2,7,0.0
23,23,cmc,Contraceptive_method_used,RandomForest,1473.0,9.0,3.0,0.5152542372881356,0.4885284130235842,0.5134385763494904,0.5132627625496716,0.5152542372881356,0.3596043586730957,success,,openml,True,2,7,0.0
23,23,cmc,Contraceptive_method_used,KNN,1473.0,9.0,3.0,0.4915254237288136,0.4667372753413139,0.4854405038851698,0.4839466431600639,0.4915254237288136,0.0185966491699218,success,,openml,True,2,7,0.0
23,23,cmc,Contraceptive_method_used,SVM,1473.0,9.0,3.0,0.5389830508474577,0.4969642915209202,0.5293029110719789,0.5297030331919867,0.5389830508474577,0.230541706085205,success,,openml,True,2,7,0.0
23,23,cmc,Contraceptive_method_used,XGBoost,1473.0,9.0,3.0,0.5288135593220339,0.5026849877596146,0.526867896348927,0.5259192807528883,0.5288135593220339,0.3230905532836914,success,,openml,True,2,7,0.0
28,28,optdigits,class,LogisticRegression,5620.0,62.0,10.0,0.9688612099644128,0.9687632626471704,0.9689164972997544,0.9692603786513048,0.9688612099644128,0.1028697490692138,success,,openml,True,64,0,0.0
28,28,optdigits,class,DecisionTree,5620.0,62.0,10.0,0.9048042704626336,0.9047878605866496,0.9051848574544504,0.9071694430889462,0.9048042704626336,0.0892004966735839,success,,openml,True,64,0,0.0
28,28,optdigits,class,RandomForest,5620.0,62.0,10.0,0.9866548042704626,0.9866381864431468,0.9866495764431584,0.986755165389399,0.9866548042704626,0.4455864429473877,success,,openml,True,64,0,0.0
28,28,optdigits,class,KNN,5620.0,62.0,10.0,0.9777580071174378,0.9777321914868492,0.9777073273576752,0.9777733163951536,0.9777580071174378,0.0509901046752929,success,,openml,True,64,0,0.0
28,28,optdigits,class,SVM,5620.0,62.0,10.0,0.9866548042704626,0.9866219565596605,0.9866676849594416,0.986882434553334,0.9866548042704626,1.688143253326416,success,,openml,True,64,0,0.0
28,28,optdigits,class,XGBoost,5620.0,62.0,10.0,0.9813167259786476,0.9812248796470966,0.9813111490761338,0.9814061559749004,0.9813167259786476,1.2657082080841064,success,,openml,True,64,0,0.0
29,29,credit-approval,class,LogisticRegression,690.0,15.0,2.0,0.8043478260869565,0.8093463913136044,0.8049967382720853,0.8124862988673731,0.8043478260869565,0.0173304080963134,success,,openml,True,6,9,0.6473429951690821
29,29,credit-approval,class,DecisionTree,690.0,15.0,2.0,0.7753623188405797,0.7799659357036406,0.7761073661642461,0.7834459870904884,0.7753623188405797,0.0137796401977539,success,,openml,True,6,9,0.6473429951690821
29,29,credit-approval,class,RandomForest,690.0,15.0,2.0,0.855072463768116,0.8548009367681498,0.8552877635884945,0.8558638141246837,0.855072463768116,0.3213112354278564,success,,openml,True,6,9,0.6473429951690821
29,29,credit-approval,class,KNN,690.0,15.0,2.0,0.7971014492753623,0.7926335959122844,0.796711259754738,0.7966599193430532,0.7971014492753623,0.018503189086914,success,,openml,True,6,9,0.6473429951690821
29,29,credit-approval,class,SVM,690.0,15.0,2.0,0.7898550724637681,0.7929529486906537,0.7905532283692042,0.7953111679454391,0.7898550724637681,0.0478537082672119,success,,openml,True,6,9,0.6473429951690821
29,29,credit-approval,class,XGBoost,690.0,15.0,2.0,0.8623188405797102,0.8612944432616563,0.8624285816600706,0.8626294874633992,0.8623188405797102,0.1905174255371093,success,,openml,True,6,9,0.6473429951690821
31,31,credit-g,class,LogisticRegression,1000.0,20.0,2.0,0.71,0.6166666666666667,0.6955301455301455,0.6907925407925408,0.71,0.0148112773895263,success,,openml,True,7,13,0.0
31,31,credit-g,class,DecisionTree,1000.0,20.0,2.0,0.69,0.6547619047619048,0.6961823361823362,0.7057142857142857,0.69,0.0127856731414794,success,,openml,True,7,13,0.0
31,31,credit-g,class,RandomForest,1000.0,20.0,2.0,0.775,0.6773809523809524,0.7568643462284373,0.7647985408721604,0.775,0.3493618965148926,success,,openml,True,7,13,0.0
31,31,credit-g,class,KNN,1000.0,20.0,2.0,0.685,0.575,0.6625792811839324,0.6558528428093645,0.685,0.0282762050628662,success,,openml,True,7,13,0.0
31,31,credit-g,class,SVM,1000.0,20.0,2.0,0.725,0.6035714285714285,0.6940858494256552,0.7002290513456767,0.725,0.1085937023162841,success,,openml,True,7,13,0.0
31,31,credit-g,class,XGBoost,1000.0,20.0,2.0,0.745,0.6797619047619048,0.7402115260090654,0.7373764600179694,0.745,0.1460368633270263,success,,openml,True,7,13,0.0
32,32,pendigits,class,LogisticRegression,10992.0,16.0,10.0,0.9454297407912688,0.945079357471889,0.9453891974271196,0.9455729446619962,0.9454297407912688,0.1731383800506591,success,,openml,True,16,0,0.0
32,32,pendigits,class,DecisionTree,10992.0,16.0,10.0,0.9613460663938154,0.9611216556779272,0.9612588695695756,0.9613302826812016,0.9613460663938154,0.0782773494720459,success,,openml,True,16,0,0.0
32,32,pendigits,class,RandomForest,10992.0,16.0,10.0,0.9913597089586176,0.9914031220873848,0.9913679624350654,0.991429207583216,0.9913597089586176,0.5427331924438477,success,,openml,True,16,0,0.0
32,32,pendigits,class,KNN,10992.0,16.0,10.0,0.990450204638472,0.990606179763654,0.9904359166998123,0.9905613304266682,0.990450204638472,0.0485947132110595,success,,openml,True,16,0,0.0
32,32,pendigits,class,SVM,10992.0,16.0,10.0,0.9927239654388358,0.9927895858771912,0.9927189489936956,0.9927959117647668,0.9927239654388358,1.3328580856323242,success,,openml,True,16,0,0.0
32,32,pendigits,class,XGBoost,10992.0,16.0,10.0,0.990450204638472,0.9904905919468676,0.9904541058472716,0.9905369257389204,0.990450204638472,1.1713171005249023,success,,openml,True,16,0,0.0
37,37,diabetes,class,LogisticRegression,768.0,8.0,2.0,0.7142857142857143,0.6692592592592592,0.7083516483516483,0.7064642282033586,0.7142857142857143,0.0139024257659912,success,,openml,True,8,0,0.0
37,37,diabetes,class,DecisionTree,768.0,8.0,2.0,0.7272727272727273,0.675,0.7179459691252145,0.7182282003710575,0.7272727272727273,0.0122392177581787,success,,openml,True,8,0,0.0
37,37,diabetes,class,RandomForest,768.0,8.0,2.0,0.7467532467532467,0.7112962962962963,0.7436948559373376,0.7422917218835586,0.7467532467532467,0.3290357589721679,success,,openml,True,8,0,0.0
37,37,diabetes,class,KNN,768.0,8.0,2.0,0.7012987012987013,0.6592592592592592,0.6968633878970829,0.6946214163195296,0.7012987012987013,0.0153594017028808,success,,openml,True,8,0,0.0
37,37,diabetes,class,SVM,768.0,8.0,2.0,0.7532467532467533,0.7205555555555556,0.7509206479794716,0.7496603396603396,0.7532467532467533,0.0509653091430664,success,,openml,True,8,0,0.0
37,37,diabetes,class,XGBoost,768.0,8.0,2.0,0.7337662337662337,0.7140740740740741,0.7353368267073852,0.737469258901706,0.7337662337662337,0.1684129238128662,success,,openml,True,8,0,0.0
43,44,spambase,class,LogisticRegression,4601.0,57.0,2.0,0.9294245385450596,0.9239462069374093,0.9292638981641748,0.9292892911840628,0.9294245385450596,0.0518369674682617,success,,openml,True,57,0,0.0
43,44,spambase,class,DecisionTree,4601.0,57.0,2.0,0.9109663409337676,0.9077505257857164,0.9110501362864908,0.9111694640634992,0.9109663409337676,0.0852992534637451,success,,openml,True,57,0,0.0
43,44,spambase,class,RandomForest,4601.0,57.0,2.0,0.9457111834961998,0.9393124796350604,0.945483145069239,0.9458588479432226,0.9457111834961998,0.3865952491760254,success,,openml,True,57,0,0.0
43,44,spambase,class,KNN,4601.0,57.0,2.0,0.9077090119435396,0.9026555881394592,0.907641251325786,0.9075935151476444,0.9077090119435396,0.0477664470672607,success,,openml,True,57,0,0.0
43,44,spambase,class,SVM,4601.0,57.0,2.0,0.9272529858849076,0.9197473266388224,0.9269266056807356,0.9272675520423592,0.9272529858849076,1.319899082183838,success,,openml,True,57,0,0.0
43,44,spambase,class,XGBoost,4601.0,57.0,2.0,0.9500542888165038,0.9467475339909356,0.9500051238158832,0.9499934339371904,0.9500542888165038,0.3516781330108642,success,,openml,True,57,0,0.0
45,46,splice,Class,LogisticRegression,3190.0,60.0,3.0,0.8275862068965517,0.8287399368792651,0.828518040580507,0.8322382129880951,0.8275862068965517,0.0368885993957519,success,,openml,True,0,60,0.0
45,46,splice,Class,DecisionTree,3190.0,60.0,3.0,0.8887147335423198,0.8808034306523732,0.8892116444359545,0.8900627351268483,0.8887147335423198,0.0426607131958007,success,,openml,True,0,60,0.0
45,46,splice,Class,RandomForest,3190.0,60.0,3.0,0.9482758620689656,0.9411619388516492,0.9483446523068124,0.948469268540694,0.9482758620689656,0.4199628829956054,success,,openml,True,0,60,0.0
45,46,splice,Class,KNN,3190.0,60.0,3.0,0.6692789968652038,0.6971039445715116,0.67361862880236,0.7428972606467477,0.6692789968652038,0.0433192253112793,success,,openml,True,0,60,0.0
45,46,splice,Class,SVM,3190.0,60.0,3.0,0.8526645768025078,0.8471676320441205,0.8529842722692372,0.8540833586818872,0.8526645768025078,1.3920907974243164,success,,openml,True,0,60,0.0
45,46,splice,Class,XGBoost,3190.0,60.0,3.0,0.957680250783699,0.9530339402384898,0.9577531182044484,0.9579269699959472,0.957680250783699,0.4227163791656494,success,,openml,True,0,60,0.0
49,50,tic-tac-toe,Class,LogisticRegression,958.0,9.0,2.0,0.671875,0.574865671641791,0.6304453733970329,0.6478459362139918,0.671875,0.0133354663848876,success,,openml,True,0,9,0.0
49,50,tic-tac-toe,Class,DecisionTree,958.0,9.0,2.0,0.8958333333333334,0.8749850746268657,0.8946126302083334,0.8953484127977308,0.8958333333333334,0.0115110874176025,success,,openml,True,0,9,0.0
49,50,tic-tac-toe,Class,RandomForest,958.0,9.0,2.0,0.9583333333333334,0.9402985074626866,0.9576565768426234,0.9608395989974936,0.9583333333333334,0.3402731418609619,success,,openml,True,0,9,0.0
49,50,tic-tac-toe,Class,KNN,958.0,9.0,2.0,0.8854166666666666,0.8392835820895522,0.8796093242365172,0.8982865615064807,0.8854166666666666,0.0222334861755371,success,,openml,True,0,9,0.0
49,50,tic-tac-toe,Class,SVM,958.0,9.0,2.0,0.8697916666666666,0.8134328358208955,0.8607780789546844,0.8914930555555557,0.8697916666666666,0.087944746017456,success,,openml,True,0,9,0.0
49,50,tic-tac-toe,Class,XGBoost,958.0,9.0,2.0,1.0,1.0,1.0,1.0,1.0,0.1393702030181884,success,,openml,True,0,9,0.0
53,54,vehicle,Class,LogisticRegression,846.0,18.0,4.0,0.8176470588235294,0.8178841991341992,0.8115374399379234,0.8153003029335376,0.8176470588235294,0.0371809005737304,success,,openml,True,18,0,0.0
53,54,vehicle,Class,DecisionTree,846.0,18.0,4.0,0.7176470588235294,0.717288961038961,0.7216942417206793,0.731921393287503,0.7176470588235294,0.0183122158050537,success,,openml,True,18,0,0.0
53,54,vehicle,Class,RandomForest,846.0,18.0,4.0,0.7470588235294118,0.7483495670995671,0.7378615918679572,0.7360388504063259,0.7470588235294118,0.3715052604675293,success,,openml,True,18,0,0.0
53,54,vehicle,Class,KNN,846.0,18.0,4.0,0.7235294117647059,0.7219155844155845,0.7220759819079147,0.7279194576381277,0.7235294117647059,0.0231409072875976,success,,openml,True,18,0,0.0
53,54,vehicle,Class,SVM,846.0,18.0,4.0,0.7647058823529411,0.7653679653679653,0.7609787810305112,0.7620677151442911,0.7647058823529411,0.078101634979248,success,,openml,True,18,0,0.0
53,54,vehicle,Class,XGBoost,846.0,18.0,4.0,0.7647058823529411,0.7659361471861472,0.762730087250211,0.7644521337946942,0.7647058823529411,0.673438549041748,success,,openml,True,18,0,0.0
219,151,electricity,class,LogisticRegression,45312.0,8.0,2.0,0.7567030784508441,0.7364101434571233,0.7506756247275239,0.7592681997456883,0.7567030784508441,0.0779328346252441,success,,openml,True,7,1,0.0
219,151,electricity,class,DecisionTree,45312.0,8.0,2.0,0.887233807789915,0.884370160041301,0.8872066334211838,0.8871837697528308,0.887233807789915,0.2747509479522705,success,,openml,True,7,1,0.0
219,151,electricity,class,RandomForest,45312.0,8.0,2.0,0.910404943175549,0.9063777076360968,0.9102157285155196,0.9103221461933466,0.910404943175549,1.1084389686584473,success,,openml,True,7,1,0.0
219,151,electricity,class,KNN,45312.0,8.0,2.0,0.8392364559196734,0.8332288267690953,0.8388349896232399,0.8388029138054589,0.8392364559196734,0.4734444618225097,success,,openml,True,7,1,0.0
219,151,electricity,class,SVM,45312.0,8.0,2.0,0.7999558645040273,0.7858810992200254,0.7972484761877504,0.8008039016485237,0.7999558645040273,141.4819896221161,success,,openml,True,7,1,0.0
219,151,electricity,class,XGBoost,45312.0,8.0,2.0,0.8937437934458788,0.8907421867992338,0.8936863635788026,0.8936502545160561,0.8937437934458788,0.3488812446594238,success,,openml,True,7,1,0.0
2074,182,satimage,class,LogisticRegression,6430.0,36.0,6.0,0.8561430793157077,0.8041231276566373,0.8446967335819469,0.8430703772354853,0.8561430793157077,0.1612098217010498,success,,openml,True,36,0,0.0
2074,182,satimage,class,DecisionTree,6430.0,36.0,6.0,0.8506998444790047,0.8263403680889526,0.8499853847225929,0.8495626495330476,0.8506998444790047,0.1053729057312011,success,,openml,True,36,0,0.0
2074,182,satimage,class,RandomForest,6430.0,36.0,6.0,0.9206842923794712,0.893433782211627,0.9169077565187538,0.9186331372060093,0.9206842923794712,0.4969348907470703,success,,openml,True,36,0,0.0
2074,182,satimage,class,KNN,6430.0,36.0,6.0,0.9051321928460342,0.8841712476319065,0.9045197256986092,0.9043984595615048,0.9051321928460342,0.0525844097137451,success,,openml,True,36,0,0.0
2074,182,satimage,class,SVM,6430.0,36.0,6.0,0.8895800933125972,0.8570782416997612,0.8851087478526778,0.8843448856846533,0.8895800933125972,1.1540138721466064,success,,openml,True,36,0,0.0
2074,182,satimage,class,XGBoost,6430.0,36.0,6.0,0.9199066874027994,0.8963806779600119,0.9175537293279288,0.9176600116683696,0.9199066874027994,0.9333617687225342,success,,openml,True,36,0,0.0
2079,188,eucalyptus,Utility,LogisticRegression,736.0,19.0,5.0,0.6418918918918919,0.596179272923459,0.6364596660620224,0.6410652340319859,0.6418918918918919,0.0288987159729003,success,,openml,True,14,5,3.203661327231121
2079,188,eucalyptus,Utility,DecisionTree,736.0,19.0,5.0,0.5608108108108109,0.5402717437601159,0.560864765493701,0.5652212552947848,0.5608108108108109,0.01593017578125,success,,openml,True,14,5,3.203661327231121
2079,188,eucalyptus,Utility,RandomForest,736.0,19.0,5.0,0.6824324324324325,0.6390916576963088,0.6748642873249994,0.6792232693057072,0.6824324324324325,0.3486320972442627,success,,openml,True,14,5,3.203661327231121
2079,188,eucalyptus,Utility,KNN,736.0,19.0,5.0,0.5472972972972973,0.5159962776241847,0.5503486347748643,0.5654542840713053,0.5472972972972973,0.0239641666412353,success,,openml,True,14,5,3.203661327231121
2079,188,eucalyptus,Utility,SVM,736.0,19.0,5.0,0.6756756756756757,0.6004210260024213,0.6488492387873193,0.6694858162071277,0.6756756756756757,0.0798487663269043,success,,openml,True,14,5,3.203661327231121
2079,188,eucalyptus,Utility,XGBoost,736.0,19.0,5.0,0.668918918918919,0.6359556464207626,0.668489319854335,0.6712487492017939,0.668918918918919,0.3836836814880371,success,,openml,True,14,5,3.203661327231121
3021,38,sick,Class,LogisticRegression,3772.0,27.0,2.0,0.9655629139072848,0.7783773839455448,0.9626407438923624,0.9625990400556914,0.9655629139072848,0.0251703262329101,success,,openml,True,7,22,5.543569678575346
3021,38,sick,Class,DecisionTree,3772.0,27.0,2.0,0.9867549668874172,0.9624547740234256,0.987012170942733,0.9874741440045092,0.9867549668874172,0.0262544155120849,success,,openml,True,7,22,5.543569678575346
3021,38,sick,Class,RandomForest,3772.0,27.0,2.0,0.990728476821192,0.9340773900778808,0.9904783424328008,0.9906226034267688,0.990728476821192,0.3836240768432617,success,,openml,True,7,22,5.543569678575346
3021,38,sick,Class,KNN,3772.0,27.0,2.0,0.9682119205298012,0.7492947813822285,0.963459476505834,0.9679146169479652,0.9682119205298012,0.0312745571136474,success,,openml,True,7,22,5.543569678575346
3021,38,sick,Class,SVM,3772.0,27.0,2.0,0.9629139072847682,0.7363095603115226,0.9580209615799884,0.959710613426581,0.9629139072847682,0.321394681930542,success,,openml,True,7,22,5.543569678575346
3021,38,sick,Class,XGBoost,3772.0,27.0,2.0,0.990728476821192,0.9544060832771202,0.99068080130763,0.9906476385909276,0.990728476821192,0.1622762680053711,success,,openml,True,7,22,5.543569678575346
3022,307,vowel,Class,LogisticRegression,990.0,12.0,11.0,0.6868686868686869,0.6868686868686867,0.6842503506571925,0.7003327590284112,0.6868686868686869,0.0312750339508056,success,,openml,True,10,2,0.0
3022,307,vowel,Class,DecisionTree,990.0,12.0,11.0,0.7929292929292929,0.7929292929292928,0.7932633091090733,0.8012981834752171,0.7929292929292929,0.0182700157165527,success,,openml,True,10,2,0.0
3022,307,vowel,Class,RandomForest,990.0,12.0,11.0,0.9494949494949496,0.9494949494949496,0.9492540262875192,0.9517496950933484,0.9494949494949496,0.3395364284515381,success,,openml,True,10,2,0.0
3022,307,vowel,Class,KNN,990.0,12.0,11.0,0.904040404040404,0.904040404040404,0.9041281983761028,0.9107567463570964,0.904040404040404,0.0172522068023681,success,,openml,True,10,2,0.0
3022,307,vowel,Class,SVM,990.0,12.0,11.0,0.9444444444444444,0.9444444444444444,0.9429622222684424,0.9469013442697654,0.9444444444444444,0.1224575042724609,success,,openml,True,10,2,0.0
3022,307,vowel,Class,XGBoost,990.0,12.0,11.0,0.904040404040404,0.904040404040404,0.9039644365847572,0.9082045018964524,0.904040404040404,0.673290491104126,success,,openml,True,10,2,0.0
3481,300,isolet,class,LogisticRegression,7797.0,617.0,26.0,0.9512820512820512,0.9512820512820512,0.9512185957537002,0.9522941324315838,0.9512820512820512,1.316450595855713,success,,openml,True,617,0,0.0
3481,300,isolet,class,DecisionTree,7797.0,617.0,26.0,0.8070512820512821,0.8070512820512821,0.8064682706788052,0.808030322521355,0.8070512820512821,4.72727632522583,success,,openml,True,617,0,0.0
3481,300,isolet,class,RandomForest,7797.0,617.0,26.0,0.9371794871794872,0.9371794871794872,0.93726196491026,0.9386306903207888,0.9371794871794872,2.4912562370300293,success,,openml,True,617,0,0.0
3481,300,isolet,class,KNN,7797.0,617.0,26.0,0.8775641025641026,0.8775641025641026,0.8779189644624836,0.8865340611863148,0.8775641025641026,0.4846279621124267,success,,openml,True,617,0,0.0
3481,300,isolet,class,SVM,7797.0,617.0,26.0,0.9621794871794872,0.9621794871794872,0.9621699007723152,0.9630607695037836,0.9621794871794872,17.36957550048828,success,,openml,True,617,0,0.0
3481,300,isolet,class,XGBoost,7797.0,617.0,26.0,0.95,0.95,0.9501419101914816,0.9518942117693576,0.95,58.45457720756531,success,,openml,True,617,0,0.0
3549,458,analcatdata_authorship,Author,LogisticRegression,841.0,70.0,4.0,0.9940828402366864,0.9957627118644068,0.9940804879569156,0.9941738734638144,0.9940828402366864,0.0263361930847167,success,,openml,True,70,0,0.0
3549,458,analcatdata_authorship,Author,DecisionTree,841.0,70.0,4.0,0.9289940828402368,0.8983068044243893,0.9299981047043562,0.9320047555231756,0.9289940828402368,0.0255975723266601,success,,openml,True,70,0,0.0
3549,458,analcatdata_authorship,Author,RandomForest,841.0,70.0,4.0,0.9822485207100592,0.9876191737288136,0.982241463870747,0.9823285671683958,0.9822485207100592,0.376190185546875,success,,openml,True,70,0,0.0
3549,458,analcatdata_authorship,Author,KNN,841.0,70.0,4.0,0.9881656804733728,0.9918564618644068,0.9881656804733728,0.9881656804733728,0.9881656804733728,0.0261449813842773,success,,openml,True,70,0,0.0
3549,458,analcatdata_authorship,Author,SVM,841.0,70.0,4.0,0.9940828402366864,0.9957627118644068,0.9940804879569156,0.9941738734638144,0.9940828402366864,0.0818817615509033,success,,openml,True,70,0,0.0
3549,458,analcatdata_authorship,Author,XGBoost,841.0,70.0,4.0,0.9940828402366864,0.9957627118644068,0.9940804879569156,0.9941738734638144,0.9940828402366864,0.2958650588989258,success,,openml,True,70,0,0.0
3560,469,analcatdata_dmft,Prevention,LogisticRegression,661.0,4.0,5.0,0.1954887218045112,0.1922867383512544,0.179741753703601,0.1858751873955323,0.1954887218045112,0.015697956085205,success,,openml,True,0,4,0.0
3560,469,analcatdata_dmft,Prevention,DecisionTree,661.0,4.0,5.0,0.1954887218045112,0.196931899641577,0.2131664226531189,0.2918622229673224,0.1954887218045112,0.0102238655090332,success,,openml,True,0,4,0.0
3560,469,analcatdata_dmft,Prevention,RandomForest,661.0,4.0,5.0,0.1954887218045112,0.1963393070489845,0.1989106180185536,0.2104248680012686,0.1954887218045112,0.3371679782867431,success,,openml,True,0,4,0.0
3560,469,analcatdata_dmft,Prevention,KNN,661.0,4.0,5.0,0.2030075187969924,0.205295101553166,0.2048039679618627,0.2111678004535147,0.2030075187969924,0.0193538665771484,success,,openml,True,0,4,0.0
3560,469,analcatdata_dmft,Prevention,SVM,661.0,4.0,5.0,0.2481203007518796,0.2440047789725209,0.2242900120770762,0.2411392035394329,0.2481203007518796,0.0745809078216552,success,,openml,True,0,4,0.0
3560,469,analcatdata_dmft,Prevention,XGBoost,661.0,4.0,5.0,0.18796992481203,0.1870203106332138,0.1867817541721167,0.1928470334043089,0.18796992481203,0.371478796005249,success,,openml,True,0,4,0.0
3902,1049,pc4,c,LogisticRegression,1458.0,37.0,2.0,0.9006849315068494,0.6807725694444444,0.8890305616397314,0.8877318910175404,0.9006849315068494,0.0262377262115478,success,,openml,True,37,0,0.0
3902,1049,pc4,c,DecisionTree,1458.0,37.0,2.0,0.8835616438356164,0.7068142361111112,0.8805882977593712,0.8781414646996839,0.8835616438356164,0.0216255187988281,success,,openml,True,37,0,0.0
3902,1049,pc4,c,RandomForest,1458.0,37.0,2.0,0.8938356164383562,0.6410590277777778,0.876705514254743,0.8767855834737381,0.8938356164383562,0.3259787559509277,success,,openml,True,37,0,0.0
3902,1049,pc4,c,KNN,1458.0,37.0,2.0,0.8904109589041096,0.6271701388888888,0.8713960876902477,0.8711782807226524,0.8904109589041096,0.0283935070037841,success,,openml,True,37,0,0.0
3902,1049,pc4,c,SVM,1458.0,37.0,2.0,0.8972602739726028,0.619140625,0.8738754855857698,0.8846379647749509,0.8972602739726028,0.1125431060791015,success,,openml,True,37,0,0.0
3902,1049,pc4,c,XGBoost,1458.0,37.0,2.0,0.9212328767123288,0.7521701388888888,0.9149592579218084,0.9145903237391616,0.9212328767123288,0.2192819118499755,success,,openml,True,37,0,0.0
3903,1050,pc3,c,LogisticRegression,1563.0,37.0,2.0,0.8817891373801917,0.50494884341637,0.8464183074782266,0.8214188763897466,0.8817891373801917,0.0326142311096191,success,,openml,True,37,0,0.0
3903,1050,pc3,c,DecisionTree,1563.0,37.0,2.0,0.8562300319488818,0.6568616548042705,0.8624106264388857,0.8695887067310308,0.8562300319488818,0.0319504737854003,success,,openml,True,37,0,0.0
3903,1050,pc3,c,RandomForest,1563.0,37.0,2.0,0.8913738019169329,0.55182384341637,0.8649701247736172,0.8556964961671886,0.8913738019169329,0.3507194519042969,success,,openml,True,37,0,0.0
3903,1050,pc3,c,KNN,1563.0,37.0,2.0,0.9041533546325878,0.5866325622775801,0.8808559924473095,0.88206961271207,0.9041533546325878,0.0324759483337402,success,,openml,True,37,0,0.0
3903,1050,pc3,c,SVM,1563.0,37.0,2.0,0.9009584664536742,0.515625,0.8570277336016067,0.910799131645777,0.9009584664536742,0.140202522277832,success,,openml,True,37,0,0.0
3903,1050,pc3,c,XGBoost,1563.0,37.0,2.0,0.8913738019169329,0.6072064056939501,0.8774862442314519,0.8701635951216284,0.8913738019169329,0.1909968852996826,success,,openml,True,37,0,0.0
3904,1053,jm1,defects,LogisticRegression,10885.0,21.0,2.0,0.8089113458888378,0.5501808526179668,0.7588612614867944,0.7652684522578308,0.8089113458888378,0.0705268383026123,success,,openml,True,21,0,0.010936850624494171
3904,1053,jm1,defects,DecisionTree,10885.0,21.0,2.0,0.7377124483233808,0.6071724227487434,0.744253449580659,0.7518671153396282,0.7377124483233808,0.1230177879333496,success,,openml,True,21,0,0.010936850624494171
3904,1053,jm1,defects,RandomForest,10885.0,21.0,2.0,0.8125861276986679,0.595798456868612,0.7831291146831609,0.780326518313067,0.8125861276986679,0.56640625,success,,openml,True,21,0,0.010936850624494171
3904,1053,jm1,defects,KNN,10885.0,21.0,2.0,0.7873220027560863,0.5846524166887603,0.7661766240946604,0.7555972309160268,0.7873220027560863,0.0571968555450439,success,,openml,True,21,0,0.010936850624494171
3904,1053,jm1,defects,SVM,10885.0,21.0,2.0,0.8139641708773542,0.5569246127292107,0.7644436257869609,0.7778050476940943,0.8139641708773542,9.75494647026062,success,,openml,True,21,0,0.010936850624494171
3904,1053,jm1,defects,XGBoost,10885.0,21.0,2.0,0.8075333027101516,0.5827343238519849,0.775123542842908,0.7710903197035128,0.8075333027101516,0.3517754077911377,success,,openml,True,21,0,0.010936850624494171
3913,1063,kc2,problems,LogisticRegression,522.0,21.0,2.0,0.819047619047619,0.651697699890471,0.8004353741496599,0.7991240643414556,0.819047619047619,0.0235235691070556,success,,openml,True,21,0,0.0
3913,1063,kc2,problems,DecisionTree,522.0,21.0,2.0,0.7904761904761904,0.6169222343921139,0.7720124064951652,0.7649398220826793,0.7904761904761904,0.0167958736419677,success,,openml,True,21,0,0.0
3913,1063,kc2,problems,RandomForest,522.0,21.0,2.0,0.8095238095238095,0.6456736035049289,0.792738551359241,0.7885923600209314,0.8095238095238095,0.3461954593658447,success,,openml,True,21,0,0.0
3913,1063,kc2,problems,KNN,522.0,21.0,2.0,0.7714285714285715,0.6048740416210295,0.7573701696100718,0.7489165329052969,0.7714285714285715,0.0219767093658447,success,,openml,True,21,0,0.0
3913,1063,kc2,problems,SVM,522.0,21.0,2.0,0.819047619047619,0.6349945235487404,0.7945117029862793,0.7976697061803446,0.819047619047619,0.0322358608245849,success,,openml,True,21,0,0.0
3913,1063,kc2,problems,XGBoost,522.0,21.0,2.0,0.8095238095238095,0.6289704271631983,0.7869238604532722,0.7852022529441883,0.8095238095238095,0.1508543491363525,success,,openml,True,21,0,0.0
3917,1067,kc1,defects,LogisticRegression,2109.0,21.0,2.0,0.8601895734597157,0.5964878258995906,0.8296095586657954,0.8361282852218872,0.8601895734597157,0.0349657535552978,success,,openml,True,21,0,0.0
3917,1067,kc1,defects,DecisionTree,2109.0,21.0,2.0,0.8175355450236966,0.6341952165481577,0.81452069422381,0.8117684794846953,0.8175355450236966,0.031421422958374,success,,openml,True,21,0,0.0
3917,1067,kc1,defects,RandomForest,2109.0,21.0,2.0,0.8649289099526066,0.6684981684981685,0.8525195458040203,0.8486055185356758,0.8649289099526066,0.4216957092285156,success,,openml,True,21,0,0.0
3917,1067,kc1,defects,KNN,2109.0,21.0,2.0,0.8507109004739336,0.6034690799396683,0.8266983399500657,0.8223736176935229,0.8507109004739336,0.0360083580017089,success,,openml,True,21,0,0.0
3917,1067,kc1,defects,SVM,2109.0,21.0,2.0,0.8649289099526066,0.5992889463477699,0.833178881578295,0.8464667185400014,0.8649289099526066,0.2978439331054687,success,,openml,True,21,0,0.0
3917,1067,kc1,defects,XGBoost,2109.0,21.0,2.0,0.8672985781990521,0.6887739711269123,0.8582666459482557,0.8542639911263488,0.8672985781990521,0.2233712673187255,success,,openml,True,21,0,0.0
3918,1068,pc1,defects,LogisticRegression,1109.0,21.0,2.0,0.927927927927928,0.5285024154589372,0.9049190035105528,0.8953474021967173,0.927927927927928,0.0250489711761474,success,,openml,True,21,0,0.0
3918,1068,pc1,defects,DecisionTree,1109.0,21.0,2.0,0.9234234234234234,0.7115942028985507,0.9245658217774128,0.92578227499344,0.9234234234234234,0.0207521915435791,success,,openml,True,21,0,0.0
3918,1068,pc1,defects,RandomForest,1109.0,21.0,2.0,0.9369369369369368,0.6260869565217392,0.926068679623182,0.9233366256622072,0.9369369369369368,0.4050195217132568,success,,openml,True,21,0,0.0
3918,1068,pc1,defects,KNN,1109.0,21.0,2.0,0.9234234234234234,0.618840579710145,0.916222666580662,0.9110785313615504,0.9234234234234234,0.0282349586486816,success,,openml,True,21,0,0.0
3918,1068,pc1,defects,SVM,1109.0,21.0,2.0,0.9369369369369368,0.5642512077294686,0.9168041280717336,0.9221276070591138,0.9369369369369368,0.0733618736267089,success,,openml,True,21,0,0.0
3918,1068,pc1,defects,XGBoost,1109.0,21.0,2.0,0.9504504504504504,0.6951690821256038,0.9433222337280998,0.9438936600151554,0.9504504504504504,0.1462666988372802,success,,openml,True,21,0,0.0
7592,1590,adult,class,LogisticRegression,48842.0,14.0,2.0,0.8296652676834886,0.7001309106799378,0.81422884398049,0.8193686887218268,0.8296652676834886,0.0906352996826171,success,,openml,True,6,8,0.9454684785342825
7592,1590,adult,class,DecisionTree,48842.0,14.0,2.0,0.8217831917289384,0.7595882978837296,0.8225383607432012,0.8233618541238906,0.8217831917289384,0.242009162902832,success,,openml,True,6,8,0.9454684785342825
7592,1590,adult,class,RandomForest,48842.0,14.0,2.0,0.8611935715016891,0.7819755552048334,0.8568635616349132,0.8558653978000065,0.8611935715016891,1.1042609214782717,success,,openml,True,6,8,0.9454684785342825
7592,1590,adult,class,KNN,48842.0,14.0,2.0,0.8335551233493704,0.7507634825510177,0.8297637429982051,0.8276905115238546,0.8335551233493704,4.203703165054321,success,,openml,True,6,8,0.9454684785342825
7592,1590,adult,class,SVM,48842.0,14.0,2.0,0.8527996724332071,0.7527134150868917,0.8445619215245831,0.845797188468654,0.8527996724332071,154.9121131896973,success,,openml,True,6,8,0.9454684785342825
7592,1590,adult,class,XGBoost,48842.0,14.0,2.0,0.8745009724639164,0.799077316846784,0.8703956785992819,0.8700589304126309,0.8745009724639164,0.4161624908447265,success,,openml,True,6,8,0.9454684785342825
9910,4134,Bioresponse,target,LogisticRegression,3751.0,1776.0,2.0,0.7310252996005326,0.728669076052797,0.7308964637226479,0.7308092239782575,0.7310252996005326,0.8702163696289062,success,,openml,True,1776,0,0.0
9910,4134,Bioresponse,target,DecisionTree,3751.0,1776.0,2.0,0.729693741677763,0.7263156391063368,0.7292153278066136,0.7291767500906573,0.729693741677763,1.0390346050262451,success,,openml,True,1776,0,0.0
9910,4134,Bioresponse,target,RandomForest,3751.0,1776.0,2.0,0.7896138482023968,0.787222872978687,0.7894000594979796,0.7893665588738824,0.7896138482023968,0.820913553237915,success,,openml,True,1776,0,0.0
9910,4134,Bioresponse,target,KNN,3751.0,1776.0,2.0,0.7390146471371505,0.7358150962802126,0.7385939864755594,0.7385528882577589,0.7390146471371505,0.4635782241821289,success,,openml,True,1776,0,0.0
9910,4134,Bioresponse,target,SVM,3751.0,1776.0,2.0,0.7643142476697736,0.7596065939089195,0.7632839987978297,0.7642578022656713,0.7643142476697736,22.80802655220032,success,,openml,True,1776,0,0.0
9910,4134,Bioresponse,target,XGBoost,3751.0,1776.0,2.0,0.7976031957390146,0.7943688932061025,0.7971445225451932,0.7974170862767075,0.7976031957390146,2.331942081451416,success,,openml,True,1776,0,0.0
9946,1510,wdbc,Class,LogisticRegression,569.0,30.0,2.0,0.9649122807017544,0.95734126984127,0.9647247085304308,0.9651849217638692,0.9649122807017544,0.0202765464782714,success,,openml,True,30,0,0.0
9946,1510,wdbc,Class,DecisionTree,569.0,30.0,2.0,0.9298245614035088,0.9246031746031746,0.9298245614035088,0.9298245614035088,0.9298245614035088,0.0183677673339843,success,,openml,True,30,0,0.0
9946,1510,wdbc,Class,RandomForest,569.0,30.0,2.0,0.9649122807017544,0.9523809523809524,0.9645092460881936,0.966759002770083,0.9649122807017544,0.2905259132385254,success,,openml,True,30,0,0.0
9946,1510,wdbc,Class,KNN,569.0,30.0,2.0,0.956140350877193,0.945436507936508,0.9557756825927252,0.9568690958164642,0.956140350877193,0.020867109298706,success,,openml,True,30,0,0.0
9946,1510,wdbc,Class,SVM,569.0,30.0,2.0,0.9736842105263158,0.9642857142857144,0.9734654095556352,0.9747368421052632,0.9736842105263158,0.0248596668243408,success,,openml,True,30,0,0.0
9946,1510,wdbc,Class,XGBoost,569.0,30.0,2.0,0.9736842105263158,0.9642857142857144,0.9734654095556352,0.9747368421052632,0.9736842105263158,0.1174902915954589,success,,openml,True,30,0,0.0
9952,1489,phoneme,Class,LogisticRegression,5404.0,5.0,2.0,0.7363552266419982,0.6455253769798669,0.7240716980344777,0.7205057147381192,0.7363552266419982,0.0182342529296875,success,,openml,True,5,0,0.0
9952,1489,phoneme,Class,DecisionTree,5404.0,5.0,2.0,0.8408880666049954,0.8025335689629545,0.8399731414273742,0.8392924509054253,0.8408880666049954,0.0283455848693847,success,,openml,True,5,0,0.0
9952,1489,phoneme,Class,RandomForest,5404.0,5.0,2.0,0.904717853839038,0.8753757411597602,0.9037316543202516,0.9035613459226004,0.904717853839038,0.3837573528289795,success,,openml,True,5,0,0.0
9952,1489,phoneme,Class,KNN,5404.0,5.0,2.0,0.8547641073080481,0.8095818124762582,0.8523119306131732,0.8517384600140979,0.8547641073080481,0.022723913192749,success,,openml,True,5,0,0.0
9952,1489,phoneme,Class,SVM,5404.0,5.0,2.0,0.8325624421831638,0.7938750061935356,0.8318471123330348,0.8312609557761321,0.8325624421831638,1.1117029190063477,success,,openml,True,5,0,0.0
9952,1489,phoneme,Class,XGBoost,5404.0,5.0,2.0,0.8815911193339501,0.850708953375064,0.880791768976414,0.8803366989778937,0.8815911193339501,0.2445728778839111,success,,openml,True,5,0,0.0
9957,1494,qsar-biodeg,Class,LogisticRegression,1055.0,41.0,2.0,0.8625592417061612,0.8443661971830986,0.8623164196400707,0.8621155591408692,0.8625592417061612,0.0238184928894042,success,,openml,True,41,0,0.0
9957,1494,qsar-biodeg,Class,DecisionTree,1055.0,41.0,2.0,0.8151658767772512,0.7843561368209255,0.8134143432750762,0.812657544558182,0.8151658767772512,0.0209407806396484,success,,openml,True,41,0,0.0
9957,1494,qsar-biodeg,Class,RandomForest,1055.0,41.0,2.0,0.8672985781990521,0.827112676056338,0.8632010268562402,0.868198069495151,0.8672985781990521,0.3196232318878174,success,,openml,True,41,0,0.0
9957,1494,qsar-biodeg,Class,KNN,1055.0,41.0,2.0,0.8530805687203792,0.8406941649899397,0.8538048323178735,0.8548939329200166,0.8530805687203792,0.0286862850189209,success,,openml,True,41,0,0.0
9957,1494,qsar-biodeg,Class,SVM,1055.0,41.0,2.0,0.8483412322274881,0.8232394366197183,0.8472112985627205,0.8467496640022636,0.8483412322274881,0.0936422348022461,success,,openml,True,41,0,0.0
9957,1494,qsar-biodeg,Class,XGBoost,1055.0,41.0,2.0,0.8957345971563981,0.8728370221327968,0.894528318071669,0.894961520982426,0.8957345971563981,0.1774194240570068,success,,openml,True,41,0,0.0
9960,1497,wall-robot-navigation,Class,LogisticRegression,5456.0,24.0,4.0,0.6923076923076923,0.6345186559472273,0.6896649318444262,0.6918700977946882,0.6923076923076923,0.0725297927856445,success,,openml,True,24,0,0.0
9960,1497,wall-robot-navigation,Class,DecisionTree,5456.0,24.0,4.0,0.9926739926739928,0.9870980210265924,0.9926704505628344,0.9926988297279418,0.9926739926739928,0.0629551410675048,success,,openml,True,24,0,0.0
9960,1497,wall-robot-navigation,Class,RandomForest,5456.0,24.0,4.0,0.9935897435897436,0.988613172541744,0.9935957343952208,0.99365515436944,0.9935897435897436,0.4380180835723877,success,,openml,True,24,0,0.0
9960,1497,wall-robot-navigation,Class,KNN,5456.0,24.0,4.0,0.8598901098901099,0.8520846217274789,0.8596065534814332,0.8597218478729034,0.8598901098901099,0.0388588905334472,success,,openml,True,24,0,0.0
9960,1497,wall-robot-navigation,Class,SVM,5456.0,24.0,4.0,0.8910256410256411,0.8643114821686251,0.8898053131509013,0.8905573397044356,0.8910256410256411,1.8345940113067627,success,,openml,True,24,0,0.0
9960,1497,wall-robot-navigation,Class,XGBoost,5456.0,24.0,4.0,0.9972527472527472,0.9918290043290044,0.997241568181791,0.9972665324558224,0.9972527472527472,0.5037474632263184,success,,openml,True,24,0,0.0
9964,1501,semeion,Class,LogisticRegression,1593.0,256.0,10.0,0.9122257053291536,0.9122983870967742,0.9130514052462212,0.9169677045149968,0.9122257053291536,0.2013823986053466,success,,openml,True,256,0,0.0
9964,1501,semeion,Class,DecisionTree,1593.0,256.0,10.0,0.7398119122257053,0.739616935483871,0.7417565410562748,0.7486045799013862,0.7398119122257053,0.0591969490051269,success,,openml,True,256,0,0.0
9964,1501,semeion,Class,RandomForest,1593.0,256.0,10.0,0.9404388714733544,0.940625,0.9410024730917894,0.945193363190406,0.9404388714733544,0.3815858364105224,success,,openml,True,256,0,0.0
9964,1501,semeion,Class,KNN,1593.0,256.0,10.0,0.9059561128526644,0.9057459677419356,0.9073280748139106,0.9193078665802368,0.9059561128526644,0.0505003929138183,success,,openml,True,256,0,0.0
9964,1501,semeion,Class,SVM,1593.0,256.0,10.0,0.9435736677115988,0.9436491935483872,0.9448077908986408,0.9499925361994328,0.9435736677115988,0.6813559532165527,success,,openml,True,256,0,0.0
9964,1501,semeion,Class,XGBoost,1593.0,256.0,10.0,0.927899686520376,0.9279233870967742,0.9289593629289896,0.9324807464963192,0.927899686520376,1.0179429054260254,success,,openml,True,256,0,0.0
9971,1480,ilpd,Class,LogisticRegression,583.0,10.0,2.0,0.6923076923076923,0.5400425230333097,0.6447477253928867,0.6410967673103596,0.6923076923076923,0.0188920497894287,success,,openml,True,9,1,0.0
9971,1480,ilpd,Class,DecisionTree,583.0,10.0,2.0,0.6068376068376068,0.5405740609496811,0.6129049277197425,0.6202417761378455,0.6068376068376068,0.012845754623413,success,,openml,True,9,1,0.0
9971,1480,ilpd,Class,RandomForest,583.0,10.0,2.0,0.5982905982905983,0.4737774627923459,0.5779814159475177,0.563240431066518,0.5982905982905983,0.2952256202697754,success,,openml,True,9,1,0.0
9971,1480,ilpd,Class,KNN,583.0,10.0,2.0,0.6410256410256411,0.5646704464918497,0.6410256410256411,0.6410256410256411,0.6410256410256411,0.015716552734375,success,,openml,True,9,1,0.0
9971,1480,ilpd,Class,SVM,583.0,10.0,2.0,0.6837606837606838,0.4819277108433735,0.5761638248947893,0.4978257609836557,0.6837606837606838,0.0376491546630859,success,,openml,True,9,1,0.0
9971,1480,ilpd,Class,XGBoost,583.0,10.0,2.0,0.6153846153846154,0.5292345854004252,0.6136658943880322,0.612026862026862,0.6153846153846154,0.1455321311950683,success,,openml,True,9,1,0.0
9976,1485,madelon,Class,LogisticRegression,2600.0,500.0,2.0,0.5461538461538461,0.5461538461538462,0.54598594154643,0.5462222222222223,0.5461538461538461,0.1439621448516845,success,,openml,True,500,0,0.0
9976,1485,madelon,Class,DecisionTree,2600.0,500.0,2.0,0.7596153846153846,0.7596153846153846,0.7595931576514101,0.7597114317425083,0.7596153846153846,0.5808811187744141,success,,openml,True,500,0,0.0
9976,1485,madelon,Class,RandomForest,2600.0,500.0,2.0,0.7153846153846154,0.7153846153846154,0.7151149016820659,0.7162033737229746,0.7153846153846154,0.6279196739196777,success,,openml,True,500,0,0.0
9976,1485,madelon,Class,KNN,2600.0,500.0,2.0,0.5461538461538461,0.5461538461538462,0.5387229180135616,0.5493327430270065,0.5461538461538461,0.1159374713897705,success,,openml,True,500,0,0.0
9976,1485,madelon,Class,SVM,2600.0,500.0,2.0,0.5980769230769231,0.5980769230769231,0.5980754366695143,0.5980783739404429,0.5980769230769231,2.8265581130981445,success,,openml,True,500,0,0.0
9976,1485,madelon,Class,XGBoost,2600.0,500.0,2.0,0.8153846153846154,0.8153846153846154,0.8153600331405069,0.8155526611805103,0.8153846153846154,1.8614985942840576,success,,openml,True,500,0,0.0
9977,1486,nomao,Class,LogisticRegression,34465.0,118.0,2.0,0.947628028434644,0.9359121521685227,0.9476320170255584,0.9476360532571144,0.947628028434644,0.5882430076599121,success,,openml,True,89,29,0.0
9977,1486,nomao,Class,DecisionTree,34465.0,118.0,2.0,0.9511098215581024,0.939111157960574,0.9510610834966274,0.9510204728044424,0.9511098215581024,0.835911750793457,success,,openml,True,89,29,0.0
9977,1486,nomao,Class,RandomForest,34465.0,118.0,2.0,0.9685187871753952,0.9596779633465754,0.9684629901474718,0.9684334048486936,0.9685187871753952,1.1177916526794434,success,,openml,True,89,29,0.0
9977,1486,nomao,Class,KNN,34465.0,118.0,2.0,0.9561874365298128,0.9466273853172592,0.956200763752065,0.9562148628057878,0.9561874365298128,0.6132028102874756,success,,openml,True,89,29,0.0
9977,1486,nomao,Class,SVM,34465.0,118.0,2.0,0.9602495285071811,0.9505373500467648,0.960219091167638,0.9601935276042513,0.9602495285071811,66.75440859794617,success,,openml,True,89,29,0.0
9977,1486,nomao,Class,XGBoost,34465.0,118.0,2.0,0.9714202814449442,0.9661282164368178,0.971452706721108,0.971496206381183,0.9714202814449442,0.7857847213745117,success,,openml,True,89,29,0.0
9978,1487,ozone-level-8hr,Class,LogisticRegression,2534.0,72.0,2.0,0.9546351084812624,0.684342105263158,0.9468295802699368,0.9492920254646334,0.9546351084812624,0.0441558361053466,success,,openml,True,72,0,0.0
9978,1487,ozone-level-8hr,Class,DecisionTree,2534.0,72.0,2.0,0.9112426035502958,0.6611842105263157,0.9142236433206332,0.9174864150314233,0.9112426035502958,0.0877144336700439,success,,openml,True,72,0,0.0
9978,1487,ozone-level-8hr,Class,RandomForest,2534.0,72.0,2.0,0.95069033530572,0.609375,0.935518130784403,0.953155818540434,0.95069033530572,0.3621153831481933,success,,openml,True,72,0,0.0
9978,1487,ozone-level-8hr,Class,KNN,2534.0,72.0,2.0,0.9467455621301776,0.6509868421052631,0.937582550751665,0.9370680393194464,0.9467455621301776,0.0904877185821533,success,,openml,True,72,0,0.0
9978,1487,ozone-level-8hr,Class,SVM,2534.0,72.0,2.0,0.9368836291913216,0.5,0.9063538164274496,0.8777509346467016,0.9368836291913216,0.2425553798675537,success,,openml,True,72,0,0.0
9978,1487,ozone-level-8hr,Class,XGBoost,2534.0,72.0,2.0,0.9526627218934912,0.668717105263158,0.9438411998460644,0.9465672414650416,0.9526627218934912,0.2986555099487304,success,,openml,True,72,0,0.0
9981,1468,cnae-9,Class,LogisticRegression,1080.0,856.0,9.0,0.9398148148148148,0.9398148148148148,0.9403985666627634,0.9424893052912376,0.9398148148148148,0.2985756397247314,success,,openml,True,856,0,0.0
9981,1468,cnae-9,Class,DecisionTree,1080.0,856.0,9.0,0.8611111111111112,0.8611111111111112,0.8648141876455421,0.8784252784252784,0.8611111111111112,0.0732874870300293,success,,openml,True,856,0,0.0
9981,1468,cnae-9,Class,RandomForest,1080.0,856.0,9.0,0.9120370370370372,0.9120370370370372,0.913186771950703,0.9177501725327812,0.9120370370370372,0.3926632404327392,success,,openml,True,856,0,0.0
9981,1468,cnae-9,Class,KNN,1080.0,856.0,9.0,0.8657407407407407,0.8657407407407408,0.8678518318157764,0.8820737582331786,0.8657407407407407,0.081735610961914,success,,openml,True,856,0,0.0
9981,1468,cnae-9,Class,SVM,1080.0,856.0,9.0,0.8888888888888888,0.8888888888888888,0.8947875507540064,0.9255291005291004,0.8888888888888888,1.006216049194336,success,,openml,True,856,0,0.0
9981,1468,cnae-9,Class,XGBoost,1080.0,856.0,9.0,0.9120370370370372,0.9120370370370368,0.9131092384928702,0.917768959435626,0.9120370370370372,1.9965627193450928,success,,openml,True,856,0,0.0
9985,1475,first-order-theorem-proving,Class,LogisticRegression,6118.0,51.0,6.0,0.4934640522875817,0.3239640170849046,0.4443796059365323,0.4594513855702924,0.4934640522875817,0.209836721420288,success,,openml,True,51,0,0.0
9985,1475,first-order-theorem-proving,Class,DecisionTree,6118.0,51.0,6.0,0.5580065359477124,0.4639267229634407,0.5577516742941243,0.5582108055062699,0.5580065359477124,0.1759595870971679,success,,openml,True,51,0,0.0
9985,1475,first-order-theorem-proving,Class,RandomForest,6118.0,51.0,6.0,0.6372549019607843,0.5279715240624618,0.6243082315225501,0.6207071578797781,0.6372549019607843,0.5803422927856445,success,,openml,True,51,0,0.0
9985,1475,first-order-theorem-proving,Class,KNN,6118.0,51.0,6.0,0.5825163398692811,0.4745886075173764,0.5752414222412325,0.5736968473249775,0.5825163398692811,0.0524280071258544,success,,openml,True,51,0,0.0
9985,1475,first-order-theorem-proving,Class,SVM,6118.0,51.0,6.0,0.5441176470588235,0.3740992023568744,0.5012222398146812,0.5266175683451715,0.5441176470588235,5.7943854331970215,success,,openml,True,51,0,0.0
9985,1475,first-order-theorem-proving,Class,XGBoost,6118.0,51.0,6.0,0.6217320261437909,0.506672316351747,0.6080436061356381,0.6037206505971904,0.6217320261437909,1.7270135879516602,success,,openml,True,51,0,0.0
10093,1462,banknote-authentication,Class,LogisticRegression,1372.0,4.0,2.0,0.9709090909090908,0.9738562091503268,0.9709803693696312,0.9726993006993008,0.9709090909090908,0.0152423381805419,success,,openml,True,4,0,0.0
10093,1462,banknote-authentication,Class,DecisionTree,1372.0,4.0,2.0,0.9927272727272728,0.9934640522875816,0.9927329132142996,0.9928445747800584,0.9927272727272728,0.0131168365478515,success,,openml,True,4,0,0.0
10093,1462,banknote-authentication,Class,RandomForest,1372.0,4.0,2.0,0.9963636363636365,0.9967320261437908,0.9963650962620518,0.9963932002956392,0.9963636363636365,0.3266184329986572,success,,openml,True,4,0,0.0
10093,1462,banknote-authentication,Class,KNN,1372.0,4.0,2.0,1.0,1.0,1.0,1.0,1.0,0.0158720016479492,success,,openml,True,4,0,0.0
10093,1462,banknote-authentication,Class,SVM,1372.0,4.0,2.0,1.0,1.0,1.0,1.0,1.0,0.0330770015716552,success,,openml,True,4,0,0.0
10093,1462,banknote-authentication,Class,XGBoost,1372.0,4.0,2.0,1.0,1.0,1.0,1.0,1.0,0.1029703617095947,success,,openml,True,4,0,0.0
10101,1464,blood-transfusion-service-center,Class,LogisticRegression,748.0,4.0,2.0,0.7666666666666667,0.5423976608187134,0.7011492172654059,0.727072927072927,0.7666666666666667,0.0219783782958984,success,,openml,True,4,0,0.0
10101,1464,blood-transfusion-service-center,Class,DecisionTree,748.0,4.0,2.0,0.7133333333333334,0.5833333333333334,0.7057126385241177,0.6996259148820819,0.7133333333333334,0.0128512382507324,success,,openml,True,4,0,0.0
10101,1464,blood-transfusion-service-center,Class,RandomForest,748.0,4.0,2.0,0.7466666666666667,0.6242690058479532,0.7383993783993784,0.7326666666666666,0.7466666666666667,0.3131904602050781,success,,openml,True,4,0,0.0
10101,1464,blood-transfusion-service-center,Class,KNN,748.0,4.0,2.0,0.7666666666666667,0.6469298245614035,0.7575777414075286,0.7522371045882017,0.7666666666666667,0.0147006511688232,success,,openml,True,4,0,0.0
10101,1464,blood-transfusion-service-center,Class,SVM,748.0,4.0,2.0,0.7666666666666667,0.5328947368421052,0.6924192485168095,0.7310344827586206,0.7666666666666667,0.0450174808502197,success,,openml,True,4,0,0.0
10101,1464,blood-transfusion-service-center,Class,XGBoost,748.0,4.0,2.0,0.7866666666666666,0.679093567251462,0.7797047397047397,0.7756666666666666,0.7866666666666666,0.1244120597839355,success,,openml,True,4,0,0.0
14952,4534,PhishingWebsites,Result,LogisticRegression,11055.0,30.0,2.0,0.9285391225689732,0.9257335996949552,0.9283854999233272,0.9287335348823722,0.9285391225689732,0.0467240810394287,success,,openml,True,0,30,0.0
14952,4534,PhishingWebsites,Result,DecisionTree,11055.0,30.0,2.0,0.9710538218000904,0.970155755234669,0.9710381489254116,0.9710627752783622,0.9710538218000904,0.0404586791992187,success,,openml,True,0,30,0.0
14952,4534,PhishingWebsites,Result,RandomForest,11055.0,30.0,2.0,0.9742198100407056,0.973103002370729,0.9741984592778646,0.9742681872308524,0.9742198100407056,0.4299211502075195,success,,openml,True,0,30,0.0
14952,4534,PhishingWebsites,Result,KNN,11055.0,30.0,2.0,0.9488919041157848,0.9476524809761436,0.9488613445118076,0.9488784111095891,0.9488919041157848,0.0629034042358398,success,,openml,True,0,30,0.0
14952,4534,PhishingWebsites,Result,SVM,11055.0,30.0,2.0,0.9516056083220262,0.9488411611598336,0.951484986490388,0.9520327116947516,0.9516056083220262,4.334006547927856,success,,openml,True,0,30,0.0
14952,4534,PhishingWebsites,Result,XGBoost,11055.0,30.0,2.0,0.9710538218000904,0.9697396342777568,0.9710247203178216,0.971126422102128,0.9710538218000904,0.2267019748687744,success,,openml,True,0,30,0.0
14954,6332,cylinder-bands,band_type,LogisticRegression,540.0,35.0,2.0,0.6851851851851852,0.6669004207573632,0.679733846400513,0.6820662768031189,0.6851851851851852,0.0190179347991943,success,,openml,True,18,19,5.0
14954,6332,cylinder-bands,band_type,DecisionTree,540.0,35.0,2.0,0.7870370370370371,0.7752454417952315,0.7850446008692467,0.7865482883684558,0.7870370370370371,0.0152890682220458,success,,openml,True,18,19,5.0
14954,6332,cylinder-bands,band_type,RandomForest,540.0,35.0,2.0,0.8703703703703703,0.8590462833099579,0.8688398595375341,0.8729847494553377,0.8703703703703703,0.2944207191467285,success,,openml,True,18,19,5.0
14954,6332,cylinder-bands,band_type,KNN,540.0,35.0,2.0,0.7777777777777778,0.7671809256661992,0.7761994949494949,0.7768157768157766,0.7777777777777778,0.0228829383850097,success,,openml,True,18,19,5.0
14954,6332,cylinder-bands,band_type,SVM,540.0,35.0,2.0,0.8148148148148148,0.8022440392706872,0.8126283707679057,0.8157135076252723,0.8148148148148148,0.0503299236297607,success,,openml,True,18,19,5.0
14954,6332,cylinder-bands,band_type,XGBoost,540.0,35.0,2.0,0.8703703703703703,0.861851332398317,0.8694497053872055,0.8710117043450377,0.8703703703703703,0.1393556594848632,success,,openml,True,18,19,5.0
14965,1461,bank-marketing,Class,LogisticRegression,45211.0,16.0,2.0,0.8914077186774301,0.6027423228572477,0.8691539678827308,0.868869411397759,0.8914077186774301,0.078542947769165,success,,openml,True,7,9,0.0
14965,1461,bank-marketing,Class,DecisionTree,45211.0,16.0,2.0,0.8769213756496738,0.7044120414813693,0.8771972155826518,0.877476819576799,0.8769213756496738,0.2458832263946533,success,,openml,True,7,9,0.0
14965,1461,bank-marketing,Class,RandomForest,45211.0,16.0,2.0,0.9053411478491652,0.6885268692598243,0.895402679589605,0.893292280703292,0.9053411478491652,0.9478614330291748,success,,openml,True,7,9,0.0
14965,1461,bank-marketing,Class,KNN,45211.0,16.0,2.0,0.8922923808470641,0.6426006110227944,0.8783766828519166,0.8743980149698053,0.8922923808470641,0.3076019287109375,success,,openml,True,7,9,0.0
14965,1461,bank-marketing,Class,SVM,45211.0,16.0,2.0,0.8971580227800509,0.6211674062780758,0.877123546903473,0.8790468644977669,0.8971580227800509,70.68368792533875,success,,openml,True,7,9,0.0
14965,1461,bank-marketing,Class,XGBoost,45211.0,16.0,2.0,0.9092115448413136,0.725566131203,0.9034029696009778,0.9008184141355596,0.9092115448413136,0.3639674186706543,success,,openml,True,7,9,0.0
14969,4538,GesturePhaseSegmentationProcessed,Phase,LogisticRegression,9873.0,32.0,5.0,0.4688607594936709,0.3572633005152191,0.4136915415018118,0.4823108538192482,0.4688607594936709,0.1087555885314941,success,,openml,True,32,0,0.0
14969,4538,GesturePhaseSegmentationProcessed,Phase,DecisionTree,9873.0,32.0,5.0,0.4992405063291139,0.453980018369326,0.4982248965798513,0.4977772471190282,0.4992405063291139,0.3301937580108642,success,,openml,True,32,0,0.0
14969,4538,GesturePhaseSegmentationProcessed,Phase,RandomForest,9873.0,32.0,5.0,0.6749367088607595,0.6023548541029673,0.6621742105778389,0.6834259021140254,0.6749367088607595,0.8193714618682861,success,,openml,True,32,0,0.0
14969,4538,GesturePhaseSegmentationProcessed,Phase,KNN,9873.0,32.0,5.0,0.5893670886075949,0.5409274738489857,0.5788070251870613,0.5925714815897831,0.5893670886075949,0.0704958438873291,success,,openml,True,32,0,0.0
14969,4538,GesturePhaseSegmentationProcessed,Phase,SVM,9873.0,32.0,5.0,0.5387341772151899,0.437765214509297,0.4969993050346376,0.555864936576504,0.5387341772151899,12.669981479644775,success,,openml,True,32,0,0.0
14969,4538,GesturePhaseSegmentationProcessed,Phase,XGBoost,9873.0,32.0,5.0,0.6881012658227849,0.6315986919884387,0.6806274831420381,0.6858756944306701,0.6881012658227849,1.457538366317749,success,,openml,True,32,0,0.0
14970,1478,har,Class,LogisticRegression,10299.0,561.0,6.0,0.9854368932038836,0.9863283074380632,0.9854380831590812,0.9854459919411936,0.9854368932038836,1.623722791671753,success,,openml,True,561,0,0.0
14970,1478,har,Class,DecisionTree,10299.0,561.0,6.0,0.9398058252427184,0.938057839277146,0.9398285239375164,0.9400037394100278,0.9398058252427184,5.626452445983887,success,,openml,True,561,0,0.0
14970,1478,har,Class,RandomForest,10299.0,561.0,6.0,0.9796116504854367,0.979394455642736,0.979611119477372,0.9796555842827294,0.9796116504854367,2.417982578277588,success,,openml,True,561,0,0.0
14970,1478,har,Class,KNN,10299.0,561.0,6.0,0.9635922330097088,0.965051026849858,0.963573381299463,0.9636922681314636,0.9635922330097088,0.5687990188598633,success,,openml,True,561,0,0.0
14970,1478,har,Class,SVM,10299.0,561.0,6.0,0.9786407766990292,0.9797068585822806,0.978651408089538,0.9787982205741714,0.9786407766990292,12.344521284103394,success,,openml,True,561,0,0.0
14970,1478,har,Class,XGBoost,10299.0,561.0,6.0,0.9932038834951455,0.993441672581016,0.9932038610177404,0.993206698565984,0.9932038834951455,17.29578399658203,success,,openml,True,561,0,0.0
125920,23381,dresses-sales,Class,LogisticRegression,500.0,12.0,2.0,0.57,0.527504105090312,0.5374131054131054,0.5473630717108978,0.57,0.0180015563964843,success,,openml,True,1,11,13.916666666666666
125920,23381,dresses-sales,Class,DecisionTree,500.0,12.0,2.0,0.55,0.5299671592775042,0.5450570143320431,0.5428142428142428,0.55,0.0119767189025878,success,,openml,True,1,11,13.916666666666666
125920,23381,dresses-sales,Class,RandomForest,500.0,12.0,2.0,0.55,0.5233990147783252,0.5392,0.5371777476255087,0.55,0.2992684841156006,success,,openml,True,1,11,13.916666666666666
125920,23381,dresses-sales,Class,KNN,500.0,12.0,2.0,0.57,0.5570607553366174,0.5692472453918236,0.5686068623398098,0.57,0.0147938728332519,success,,openml,True,1,11,13.916666666666666
125920,23381,dresses-sales,Class,SVM,500.0,12.0,2.0,0.53,0.5028735632183908,0.51872,0.5157937584803257,0.53,0.0397253036499023,success,,openml,True,1,11,13.916666666666666
125920,23381,dresses-sales,Class,XGBoost,500.0,12.0,2.0,0.56,0.5320197044334976,0.5477305877305878,0.5465808823529411,0.56,0.1353468894958496,success,,openml,True,1,11,13.916666666666666
125922,40499,texture,Class,LogisticRegression,5500.0,40.0,11.0,0.9963636363636365,0.9963636363636362,0.9963541099200628,0.9964172887877024,0.9963636363636365,0.1523337364196777,success,,openml,True,40,0,0.0
125922,40499,texture,Class,DecisionTree,5500.0,40.0,11.0,0.9127272727272728,0.9127272727272728,0.912958764020145,0.914197206192284,0.9127272727272728,0.1524548530578613,success,,openml,True,40,0,0.0
125922,40499,texture,Class,RandomForest,5500.0,40.0,11.0,0.98,0.98,0.9799918693561214,0.980221754900327,0.98,0.5242350101470947,success,,openml,True,40,0,0.0
125922,40499,texture,Class,KNN,5500.0,40.0,11.0,0.9854545454545456,0.9854545454545456,0.9854328909469036,0.9856757158504904,0.9854545454545456,0.039332628250122,success,,openml,True,40,0,0.0
125922,40499,texture,Class,SVM,5500.0,40.0,11.0,0.990909090909091,0.990909090909091,0.99089435766888,0.9909873754915498,0.990909090909091,0.7241401672363281,success,,openml,True,40,0,0.0
125922,40499,texture,Class,XGBoost,5500.0,40.0,11.0,0.9863636363636364,0.9863636363636364,0.9863102242615324,0.9865005332875022,0.9863636363636364,1.4868321418762207,success,,openml,True,40,0,0.0
146195,40668,connect-4,class,LogisticRegression,67557.0,42.0,3.0,0.6607460035523979,0.3407788795338462,0.5370404769142928,0.5658789659809975,0.6607460035523979,0.3170535564422607,success,,openml,True,0,42,0.0
146195,40668,connect-4,class,DecisionTree,67557.0,42.0,3.0,0.7289076376554174,0.5683146191419134,0.7290458396677008,0.7292361873504556,0.7289076376554174,0.3383352756500244,success,,openml,True,0,42,0.0
146195,40668,connect-4,class,RandomForest,67557.0,42.0,3.0,0.8172735346358793,0.5934827542973636,0.7893547219234986,0.7944839986482511,0.8172735346358793,1.415095329284668,success,,openml,True,0,42,0.0
146195,40668,connect-4,class,KNN,67557.0,42.0,3.0,0.727797513321492,0.5434659536793778,0.7164537613468721,0.7095200049924443,0.727797513321492,0.8604991436004639,success,,openml,True,0,42,0.0
146195,40668,connect-4,class,SVM,67557.0,42.0,3.0,0.7671699230313795,0.5059066349755661,0.7206486325711967,0.7351705649726341,0.7671699230313795,1705.1294162273407,success,,openml,True,0,42,0.0
146195,40668,connect-4,class,XGBoost,67557.0,42.0,3.0,0.8243043220840734,0.6045460656591891,0.7960308896419892,0.8030298354506481,0.8243043220840734,2.465526580810547,success,,openml,True,0,42,0.0
146821,40975,car,class,LogisticRegression,1728.0,6.0,4.0,0.6878612716763006,0.2933316683316683,0.6093356219066112,0.5753765983534769,0.6878612716763006,0.0358498096466064,success,,openml,True,0,6,0.0
146821,40975,car,class,DecisionTree,1728.0,6.0,4.0,0.9855491329479767,0.956225592589229,0.9854841889278052,0.9861753371868978,0.9855491329479767,0.0210177898406982,success,,openml,True,0,6,0.0
146821,40975,car,class,RandomForest,1728.0,6.0,4.0,0.9797687861271676,0.9466783216783216,0.9795573902276934,0.9797224265009404,0.9797687861271676,0.5164811611175537,success,,openml,True,0,6,0.0
146821,40975,car,class,KNN,1728.0,6.0,4.0,0.96242774566474,0.8111547543365726,0.9587169241227405,0.9622815228996044,0.96242774566474,0.0259861946105957,success,,openml,True,0,6,0.0
146821,40975,car,class,SVM,1728.0,6.0,4.0,0.9046242774566474,0.6939310689310689,0.8961177616996736,0.918605297320908,0.9046242774566474,0.2613282203674316,success,,openml,True,0,6,0.0
146821,40975,car,class,XGBoost,1728.0,6.0,4.0,0.9971098265895952,0.9807692307692308,0.9971018536974288,0.9973025048169556,0.9971098265895952,0.4031698703765869,success,,openml,True,0,6,0.0
146822,40984,segment,class,LogisticRegression,2310.0,17.0,7.0,0.948051948051948,0.948051948051948,0.9483415838107396,0.948784534166448,0.948051948051948,0.0832500457763671,success,,openml,True,18,0,0.0
146822,40984,segment,class,DecisionTree,2310.0,17.0,7.0,0.9393939393939394,0.9393939393939394,0.938444518013092,0.9400043823794636,0.9393939393939394,0.0359532833099365,success,,openml,True,18,0,0.0
146822,40984,segment,class,RandomForest,2310.0,17.0,7.0,0.9653679653679652,0.9653679653679654,0.965184188516445,0.966444217454247,0.9653679653679652,0.5350263118743896,success,,openml,True,18,0,0.0
146822,40984,segment,class,KNN,2310.0,17.0,7.0,0.922077922077922,0.922077922077922,0.9210626948738716,0.9246808348014048,0.922077922077922,0.0276165008544921,success,,openml,True,18,0,0.0
146822,40984,segment,class,SVM,2310.0,17.0,7.0,0.9242424242424242,0.9242424242424242,0.9250299757025612,0.926305906978176,0.9242424242424242,0.2718470096588135,success,,openml,True,18,0,0.0
146822,40984,segment,class,XGBoost,2310.0,17.0,7.0,0.9675324675324676,0.9675324675324676,0.9675180494296926,0.9684784773174792,0.9675324675324676,0.7929308414459229,success,,openml,True,18,0,0.0
146824,40979,mfeat-pixel,class,LogisticRegression,2000.0,240.0,10.0,0.955,0.9549999999999998,0.9548802460205634,0.9563540907003754,0.955,0.2557482719421386,success,,openml,True,240,0,0.0
146824,40979,mfeat-pixel,class,DecisionTree,2000.0,240.0,10.0,0.855,0.8550000000000001,0.853869175860054,0.8587700965261579,0.855,0.1202533245086669,success,,openml,True,240,0,0.0
146824,40979,mfeat-pixel,class,RandomForest,2000.0,240.0,10.0,0.9625,0.9625,0.9625679521861812,0.9638538881235988,0.9625,0.6378719806671143,success,,openml,True,240,0,0.0
146824,40979,mfeat-pixel,class,KNN,2000.0,240.0,10.0,0.965,0.965,0.9648411051269444,0.9658940855892076,0.965,0.0883228778839111,success,,openml,True,240,0,0.0
146824,40979,mfeat-pixel,class,SVM,2000.0,240.0,10.0,0.965,0.965,0.9649401370551828,0.9663969303576582,0.965,0.8651838302612305,success,,openml,True,240,0,0.0
146824,40979,mfeat-pixel,class,XGBoost,2000.0,240.0,10.0,0.96,0.96,0.9601311861518542,0.9614235745347488,0.96,1.960256814956665,success,,openml,True,240,0,0.0
167119,41027,jungle_chess_2pcs_raw_endgame_complete,class,LogisticRegression,44819.0,6.0,3.0,0.6755912539045069,0.5094982981753834,0.6521338461944043,0.6437693487933193,0.6755912539045069,0.0797994136810302,success,,openml,True,6,0,0.0
167119,41027,jungle_chess_2pcs_raw_endgame_complete,class,DecisionTree,44819.0,6.0,3.0,0.7921686746987951,0.7215225991526779,0.7923661722368527,0.7925711615533012,0.7921686746987951,0.0988118648529052,success,,openml,True,6,0,0.0
167119,41027,jungle_chess_2pcs_raw_endgame_complete,class,RandomForest,44819.0,6.0,3.0,0.784471218206158,0.7118379556050286,0.7838930544125777,0.7833678817170225,0.784471218206158,1.1767802238464355,success,,openml,True,6,0,0.0
167119,41027,jungle_chess_2pcs_raw_endgame_complete,class,KNN,44819.0,6.0,3.0,0.751896474788041,0.6778361363185038,0.7521534682696843,0.7524647406210827,0.751896474788041,0.2561569213867187,success,,openml,True,6,0,0.0
167119,41027,jungle_chess_2pcs_raw_endgame_complete,class,SVM,44819.0,6.0,3.0,0.823516287371709,0.7254991076329892,0.8201324665977331,0.8181559766273049,0.823516287371709,141.22156810760498,success,,openml,True,6,0,0.0
167119,41027,jungle_chess_2pcs_raw_endgame_complete,class,XGBoost,44819.0,6.0,3.0,0.8554216867469879,0.7980465196468653,0.8546281773545148,0.8540741319525812,0.8554216867469879,0.9719603061676024,success,,openml,True,6,0,0.0
167120,23517,numerai28.6,attribute_21,LogisticRegression,96320.0,21.0,2.0,0.5162998338870431,0.5154305768062893,0.5128819318435686,0.5159020280345675,0.5162998338870431,0.2834410667419433,success,,openml,True,21,0,0.0
167120,23517,numerai28.6,attribute_21,DecisionTree,96320.0,21.0,2.0,0.4979754983388704,0.4978971259809043,0.4979605813617129,0.4979510983115107,0.4979754983388704,3.9545137882232666,success,,openml,True,21,0,0.0
167120,23517,numerai28.6,attribute_21,RandomForest,96320.0,21.0,2.0,0.5158326411960132,0.5155826377724528,0.5155609171405645,0.5156637031052822,0.5158326411960132,8.02231478691101,success,,openml,True,21,0,0.0
167120,23517,numerai28.6,attribute_21,KNN,96320.0,21.0,2.0,0.5044642857142857,0.5042524033523526,0.504270223051538,0.5043111563015059,0.5044642857142857,1.7254307270050049,success,,openml,True,21,0,0.0
167120,23517,numerai28.6,attribute_21,SVM,96320.0,21.0,2.0,0.5198816445182725,0.5188677841864875,0.5152483496481204,0.5196311044744403,0.5198816445182725,2420.2694840431213,success,,openml,True,21,0,0.0
167120,23517,numerai28.6,attribute_21,XGBoost,96320.0,21.0,2.0,0.5118355481727574,0.511264412481961,0.5103597143375238,0.5114426487287941,0.5118355481727574,1.0224714279174805,success,,openml,True,21,0,0.0
167125,40978,Internet-Advertisements,class,LogisticRegression,3279.0,1558.0,2.0,0.972560975609756,0.929463459759482,0.9721711101541192,0.9721154133205958,0.972560975609756,0.7713124752044678,success,,openml,True,3,1555,0.0
167125,40978,Internet-Advertisements,class,DecisionTree,3279.0,1558.0,2.0,0.9679878048780488,0.9222556275053962,0.9676113430923814,0.9674610752834392,0.9679878048780488,0.8043532371520996,success,,openml,True,3,1555,0.0
167125,40978,Internet-Advertisements,class,RandomForest,3279.0,1558.0,2.0,0.9740853658536586,0.9258017267961764,0.9735215540621294,0.9737354474724336,0.9740853658536586,1.1353709697723389,success,,openml,True,3,1555,0.0
167125,40978,Internet-Advertisements,class,KNN,3279.0,1558.0,2.0,0.961890243902439,0.8686786925686093,0.9595488849266052,0.9628156119721332,0.961890243902439,0.5898373126983643,success,,openml,True,3,1555,0.0
167125,40978,Internet-Advertisements,class,SVM,3279.0,1558.0,2.0,0.9664634146341464,0.8804347826086957,0.9645070238141994,0.9677224673270622,0.9664634146341464,10.96087884902954,success,,openml,True,3,1555,0.0
167125,40978,Internet-Advertisements,class,XGBoost,3279.0,1558.0,2.0,0.9817073170731708,0.948427382053654,0.9814474067694128,0.981532674567872,0.9817073170731708,1.5331907272338867,success,,openml,True,3,1555,0.0
167140,40670,dna,class,LogisticRegression,3186.0,180.0,3.0,0.9341692789968652,0.9239114425714746,0.933990836036769,0.9341177411369906,0.9341692789968652,0.1156086921691894,success,,openml,True,0,180,0.0
167140,40670,dna,class,DecisionTree,3186.0,180.0,3.0,0.8949843260188087,0.8813875637227335,0.8951896815766623,0.8967450563705022,0.8949843260188087,0.0882148742675781,success,,openml,True,0,180,0.0
167140,40670,dna,class,RandomForest,3186.0,180.0,3.0,0.957680250783699,0.9519189286383172,0.957581747632264,0.9580995394492756,0.957680250783699,0.5810222625732422,success,,openml,True,0,180,0.0
167140,40670,dna,class,KNN,3186.0,180.0,3.0,0.7476489028213166,0.7867956606183014,0.7498981863313378,0.7979999986176409,0.7476489028213166,0.0775606632232666,success,,openml,True,0,180,0.0
167140,40670,dna,class,SVM,3186.0,180.0,3.0,0.962382445141066,0.9618564994431352,0.9625698585274772,0.9630942862053624,0.962382445141066,2.0375778675079346,success,,openml,True,0,180,0.0
167140,40670,dna,class,XGBoost,3186.0,180.0,3.0,0.9670846394984326,0.9660775415173852,0.9672573554832242,0.9680517761626288,0.9670846394984326,0.7125275135040283,success,,openml,True,0,180,0.0
167141,40701,churn,class,LogisticRegression,5000.0,20.0,2.0,0.87,0.589395553133695,0.8398915247003592,0.8450924956369983,0.87,0.0354447364807128,success,,openml,True,16,4,0.0
167141,40701,churn,class,DecisionTree,5000.0,20.0,2.0,0.927,0.8596958363262577,0.9277347551665492,0.9286207651313284,0.927,0.0906445980072021,success,,openml,True,16,4,0.0
167141,40701,churn,class,RandomForest,5000.0,20.0,2.0,0.958,0.8807041009255361,0.9564885941644562,0.9569503524451778,0.958,0.5842592716217041,success,,openml,True,16,4,0.0
167141,40701,churn,class,KNN,5000.0,20.0,2.0,0.888,0.6384052047985864,0.8653266203148725,0.8773679743380287,0.888,0.0421938896179199,success,,openml,True,16,4,0.0
167141,40701,churn,class,SVM,5000.0,20.0,2.0,0.922,0.7530445264574509,0.9131754343629344,0.9193130296540578,0.922,1.3055109977722168,success,,openml,True,16,4,0.0
167141,40701,churn,class,XGBoost,5000.0,20.0,2.0,0.958,0.8747760466978756,0.9561802608944954,0.9571901744043232,0.958,0.2902860641479492,success,,openml,True,16,4,0.0
